Company Name,Keyword,Iteration,Stage,Prompt Tokens,Completion Tokens,Total Tokens,Price
Dynamic Brands,Sofa Manufacturing in Malaysia,,,,,,
,,2,Industry Identification,77,4,81,0.00016199999999999998
,,3,Target Search,80,72,152,0.00030399999999999996
,,4,Keyword Clusters Search,81,42,123,0.00024599999999999996
,,5,Title Generating,75,80,155,0.00031
,,6,Title Generating,75,83,158,0.000316
,,7,Title Generating,75,89,164,0.000328
,,8,Title Generating,77,68,145,0.00029
,,9,Title Generating,75,74,149,0.000298
,,10,Outline Generation,207,297,504,0.001008
,,11,Outline Generation,213,347,560,0.00112
,,12,Outline Generation,221,347,568,0.0011359999999999999
,,13,Outline Generation,218,414,632,0.001264
,,14,Outline Generation,225,373,598,0.001196
,,15,Content Generation,440,422,862,0.0017239999999999998
,,16,Content Generation,391,592,983,0.001966
,,17,Content Generation,441,495,936,0.001872
,,18,Content Generation,467,416,883,0.001766
Dynamic Brand,Chair Manufacturing in Malaysia,0,Initial,0,0,0,0
,,1,Industry Identification,77,4,81,0.00016199999999999998
,,2,Target Search,80,72,152,0.00030399999999999996
Dynamic Brands,Video Commercial Malaysia,0,Initial,0,0,0,0
,,1,Industry Identification,76,3,79,0.000158
,,2,Target Search,79,75,154,0.000308
,,3,Keyword Clusters Search,80,48,128,0.000256
,,4,Title Generating,77,17,94,0.000188
,,5,Title Generating,75,16,91,0.00018199999999999998
,,6,Title Generating,76,17,93,0.000186
,,7,Title Generating,76,21,97,0.000194
,,8,Title Generating,76,18,94,0.000188
,,9,Outline Generation,162,245,407,0.0008139999999999999
,,10,Outline Generation,158,265,423,0.000846
,,11,Outline Generation,158,299,457,0.000914
,,12,Outline Generation,159,295,454,0.000908
,,13,Outline Generation,157,407,564,0.0011279999999999999
Dynamic Brand,Sofa Manufacturing in Malaysia,0,Initial,0,0,0,0
,,1,Industry Identification,77,4,81,0.00016199999999999998
,,2,Target Search,80,72,152,0.00030399999999999996
,,3,Keyword Clusters Search,81,42,123,0.00024599999999999996
,,4,Title Generating,75,18,93,0.000186
,,5,Title Generating,75,17,92,0.000184
,,6,Title Generating,75,18,93,0.000186
,,7,Title Generating,77,15,92,0.000184
,,8,Title Generating,75,14,89,0.000178
,,9,Outline Generation,161,247,408,0.000816
,,10,Outline Generation,158,267,425,0.00085
,,11,Outline Generation,160,222,382,0.0007639999999999999
,,12,Outline Generation,157,351,508,0.001016
,,13,Outline Generation,161,398,559,0.0011179999999999999
,,14,Content Generation,341,376,717,0.001434
,,15,Content Generation,492,289,781,0.001562
,,16,Content Generation,361,502,863,0.0017259999999999999
,,17,Content Generation,444,407,851,0.001702
,,18,Content Generation,315,527,842,0.001684
Dynamic Brands,Sofa Manufacturing in Malaysia,0,Initial,0,0,0,0
,,1,Industry Identification,77,4,81,0.00016199999999999998
,,2,Target Search,80,72,152,0.00030399999999999996
,,3,Keyword Clusters Search,81,42,123,0.00024599999999999996
,,4,Title Generation,75,18,93,0.000186
,,5,Title Generation,75,17,92,0.000184
,,6,Title Generation,75,18,93,0.000186
,,7,Title Generation,77,15,92,0.000184
,,8,Title Generation,75,14,89,0.000178
,,9,Outline Generation,160,249,409,0.0008179999999999999
,,10,Outline Generation,157,267,424,0.000848
,,11,Outline Generation,161,276,437,0.000874
,,12,Outline Generation,158,264,422,0.0008439999999999999
,,13,Content Generation,366,272,638,0.001276
,,14,Outline Generation,161,586,747,0.0014939999999999999
,,15,Content Generation,382,394,776,0.001552
,,16,Content Generation,381,503,884,0.0017679999999999998
,,17,Content Generation,396,913,1309,0.0026179999999999997
,,18,HTML Conversion,516,616,1132,0.002264
,,19,HTML Conversion,394,764,1158,0.002316
,,20,Content Generation,706,765,1471,0.0029419999999999997
,,21,HTML Conversion,626,1032,1658,0.003316
,,22,HTML Conversion,887,1562,2449,0.004898
,,23,HTML Conversion,1035,1773,2808,0.0056159999999999995
Dynamic Brands,Video Commercial Malaysia,0,Initial,0,0,0,0
,,1,Industry Identification,76,3,79,0.000158
,,2,Target Search,79,75,154,0.000308
NexMind,Table Manufacturing in Malaysia,0,Initial,0,0,0,0
,,1,Industry Identification,77,3,80,0.00015999999999999999
,,2,Target Search,80,71,151,0.00030199999999999997
,,3,Keyword Clusters Search,81,52,133,0.000266
,,4,Title Generation,75,17,92,0.000184
,,5,Title Generation,74,15,89,0.000178
,,6,Title Generation,75,24,99,0.000198
,,7,Title Generation,76,15,91,0.00018199999999999998
,,8,Title Generation,77,17,94,0.000188
,,9,Outline Generation,163,224,387,0.000774
,,10,Outline Generation,154,238,392,0.000784
,,11,Outline Generation,154,232,386,0.000772
,,12,Outline Generation,156,260,416,0.000832
,,13,Outline Generation,156,384,540,0.00108
,,14,Content Generation,346,254,600,0.0012
,,15,Content Generation,350,320,670,0.00134
,,16,Content Generation,355,537,892,0.001784
,,17,Content Generation,506,455,961,0.0019219999999999999
,,18,Content Generation,379,682,1061,0.0021219999999999998
,,19,HTML Conversion,376,508,884,0.0017679999999999998
,,20,HTML Conversion,442,779,1221,0.0024419999999999997
,,21,HTML Conversion,577,730,1307,0.002614
,,22,HTML Conversion,803,719,1522,0.003044
,,23,HTML Conversion,659,1056,1715,0.00343
NexMind,Chair Manufacturing in Malaysia,0,Initial,0,0,0,0
,,1,Industry Identification,77,4,81,0.00016199999999999998
,,2,Target Search,80,72,152,0.00030399999999999996
,,3,Keyword Clusters Search,81,53,134,0.000268
,,4,Title Generation,75,17,92,0.000184
,,5,Title Generation,76,14,90,0.00017999999999999998
,,6,Title Generation,76,14,90,0.00017999999999999998
,,7,Title Generation,75,18,93,0.000186
,,8,Title Generation,76,16,92,0.000184
,,9,Outline Generation,160,244,404,0.000808
,,10,Outline Generation,156,276,432,0.000864
,,11,Outline Generation,159,235,394,0.000788
,,12,Outline Generation,156,324,480,0.0009599999999999999
,,13,Outline Generation,158,299,457,0.000914
,,14,Content Generation,354,331,685,0.00137
,,15,Content Generation,364,389,753,0.001506
,,16,Content Generation,441,423,864,0.001728
,,17,Content Generation,393,616,1009,0.002018
,,18,Content Generation,418,587,1005,0.00201
,,19,HTML Conversion,511,631,1142,0.002284
,,20,HTML Conversion,545,530,1075,0.00215
,,21,HTML Conversion,454,615,1069,0.0021379999999999997
,,22,HTML Conversion,709,645,1354,0.002708
,,23,HTML Conversion,738,1179,1917,0.0038339999999999997
NexMind,Video Commercial Malaysia,0,Initial,0,0,0,0
,,1,Industry Identification,76,3,79,0.000158
,,2,Target Search,79,77,156,0.000312
,,3,Keyword Clusters Search,80,48,128,0.000256
,,4,Title Generation,77,17,94,0.000188
,,5,Title Generation,75,16,91,0.00018199999999999998
,,6,Title Generation,76,17,93,0.000186
,,7,Title Generation,76,21,97,0.000194
,,8,Title Generation,76,18,94,0.000188
,,9,Outline Generation,89,93,182,0.00036399999999999996
,,10,Outline Generation,90,182,272,0.000544
,,11,Outline Generation,93,159,252,0.000504
,,12,Outline Generation,88,201,289,0.000578
,,13,Outline Generation,89,212,301,0.000602
,,14,Content Generation,213,542,755,0.0015099999999999998
,,15,Content Generation,302,501,803,0.001606
,,16,Content Generation,282,637,919,0.001838
,,17,Content Generation,331,606,937,0.001874
,,18,Content Generation,318,1104,1422,0.0028439999999999997
,,19,HTML Conversion,664,733,1397,0.002794
,,20,HTML Conversion,624,928,1552,0.003104
,,21,HTML Conversion,759,1082,1841,0.003682
,,22,HTML Conversion,1226,1091,2317,0.004634
Dynamic Brands,Sofa Manufacturing in Malaysia,0,Initial,0,0,0,0
,,1,Industry Identification,77,4,81,0.00016199999999999998
,,2,Target Search,80,72,152,0.00030399999999999996
,,3,Keyword Clusters Search,81,42,123,0.00024599999999999996
,,4,Title Generation,75,18,93,0.000186
,,5,Title Generation,75,17,92,0.000184
,,6,Title Generation,75,18,93,0.000186
,,7,Title Generation,77,15,92,0.000184
,,8,Title Generation,75,14,89,0.000178
,,9,Outline Generation,100,214,314,0.000628
,,10,Outline Generation,97,233,330,0.00066
,,11,Outline Generation,99,267,366,0.000732
,,12,Outline Generation,96,276,372,0.000744
,,13,Outline Generation,100,357,457,0.000914
,,14,Content Generation,350,258,608,0.0012159999999999999
,,15,Content Generation,384,320,704,0.001408
,,16,Content Generation,477,455,932,0.001864
,,17,Content Generation,391,664,1055,0.00211
,,18,Content Generation,334,892,1226,0.0024519999999999998
,,19,HTML Conversion,574,612,1186,0.002372
,,20,HTML Conversion,377,923,1300,0.0026
,,21,HTML Conversion,783,621,1404,0.0028079999999999997
,,22,HTML Conversion,439,1265,1704,0.003408
,,23,HTML Conversion,1011,1027,2038,0.004076
Dynamic Brands,Vase Manufacturing in Malaysia,0,Initial,0,0,0,0
Dynamic Brands,Vase Manufacturing in Malaysia,0,Initial,0,0,0,0
,,1,Industry Identification,78,8,86,0.00017199999999999998
,,2,Target Search,81,53,134,0.000268
,,3,Keyword Clusters Search,82,47,129,0.000258
,,4,Title Generation,76,13,89,0.000178
,,5,Title Generation,76,19,95,0.00018999999999999998
,,6,Title Generation,76,17,93,0.000186
,,7,Title Generation,76,20,96,0.000192
,,8,Title Generation,76,18,94,0.000188
,,9,Outline Generation,103,196,299,0.000598
,,10,Outline Generation,102,220,322,0.0006439999999999999
,,11,Outline Generation,98,232,330,0.00066
,,12,Outline Generation,104,254,358,0.000716
,,13,Outline Generation,105,249,354,0.000708
,,14,Content Generation,384,406,790,0.00158
,,15,Content Generation,327,499,826,0.0016519999999999998
,,16,Content Generation,380,483,863,0.0017259999999999999
,,17,Content Generation,349,529,878,0.001756
,,18,HTML Conversion,525,537,1062,0.002124
,,19,Content Generation,357,967,1324,0.0026479999999999997
,,20,HTML Conversion,602,662,1264,0.002528
,,21,HTML Conversion,648,722,1370,0.00274
,,22,HTML Conversion,618,677,1295,0.00259
,,23,HTML Conversion,1086,1444,2530,0.005059999999999999
Dynamic Brands,Sofa Manufacturing in Malaysia,0,Initial,0,0,0,0
,,1,Industry Identification,77,4,81,0.00016199999999999998
,,2,Target Search,80,72,152,0.00030399999999999996
,,3,Keyword Clusters Search,81,42,123,0.00024599999999999996
,,4,Title Generation,75,17,92,0.000184
,,5,Title Generation,75,15,90,0.00017999999999999998
,,6,Title Generation,75,16,91,0.00018199999999999998
Dynamic Brands,Sofa Manufacturing in Malaysia,0,Initial,0,0,0,0
Dynamic Brands,Sofa Manufacturing in Malaysia,0,Initial,0,0,0,0
,,1,Industry Identification,77,4,81,0.00016199999999999998
,,2,Target Search,80,72,152,0.00030399999999999996
,,3,Keyword Clusters Search,81,42,123,0.00024599999999999996
,,4,Title Generation,75,19,94,0.000188
,,5,Title Generation,75,13,88,0.000176
,,6,Title Generation,75,16,91,0.00018199999999999998
,,7,Title Generation,77,15,92,0.000184
,,8,Title Generation,75,15,90,0.00017999999999999998
,,9,Outline Generation,121,292,413,0.0008259999999999999
,,10,Outline Generation,125,295,420,0.0008399999999999999
,,11,Outline Generation,121,288,409,0.0008179999999999999
,,12,Outline Generation,122,362,484,0.000968
,,13,Outline Generation,119,395,514,0.001028
,,14,Content Generation,418,422,840,0.0016799999999999999
,,15,Content Generation,414,523,937,0.001874
,,16,Content Generation,489,501,990,0.00198
,,17,Content Generation,425,633,1058,0.002116
,,18,Content Generation,518,564,1082,0.0021639999999999997
,,19,HTML Conversion,541,624,1165,0.00233
,,20,HTML Conversion,620,715,1335,0.00267
,,21,HTML Conversion,642,803,1445,0.0028899999999999998
,,22,HTML Conversion,683,774,1457,0.002914
,,23,HTML Conversion,752,834,1586,0.003172
Dynamic Brands,Sofa Manufacturing Malaysia,0,Initial,0,0,0,0
,,1,Industry Identification,76,4,80,0.00015999999999999999
,,2,Target Search,79,75,154,0.000308
,,3,Keyword Clusters Search,80,46,126,0.000252
,,4,Title Generation,75,14,89,0.000178
,,5,Title Generation,76,18,94,0.000188
,,6,Title Generation,75,20,95,0.00018999999999999998
,,7,Title Generation,77,19,96,0.000192
,,8,Title Generation,79,18,97,0.000194
,,9,Outline Generation,121,147,268,0.000536
,,10,Outline Generation,125,212,337,0.000674
,,11,Outline Generation,125,286,411,0.0008219999999999999
,,12,Outline Generation,127,315,442,0.0008839999999999999
,,13,Outline Generation,126,290,416,0.000832
,,14,Content Generation,271,409,680,0.0013599999999999999
,,15,Content Generation,420,304,724,0.0014479999999999999
,,16,Content Generation,339,718,1057,0.002114
,,17,HTML Conversion,528,625,1153,0.002306
,,18,HTML Conversion,423,548,971,0.001942
,,19,Content Generation,445,861,1306,0.0026119999999999997
,,20,HTML Conversion,837,1098,1935,0.0038699999999999997
,,21,HTML Conversion,980,1302,2282,0.0045639999999999995
,,22,Content Generation,416,521,937,0.001874
,,23,HTML Conversion,640,809,1449,0.002898
Dynamic Brands,Sofa Manufacturing Malaysia,0,Initial,0,0,0,0
,,1,Industry Identification,76,4,80,0.00015999999999999999
,,2,Target Search,79,75,154,0.000308
,,3,Keyword Clusters Search,80,46,126,0.000252
,,4,Title Generation,75,16,91,0.00018199999999999998
,,5,Title Generation,76,15,91,0.00018199999999999998
,,6,Title Generation,75,16,91,0.00018199999999999998
,,7,Title Generation,77,17,94,0.000188
,,8,Title Generation,79,18,97,0.000194
,,9,Outline Generation,123,229,352,0.000704
,,10,Outline Generation,123,255,378,0.0007559999999999999
,,11,Outline Generation,125,218,343,0.000686
,,12,Outline Generation,124,261,385,0.00077
,,13,Outline Generation,122,281,403,0.000806
,,14,Content Generation,381,312,693,0.0013859999999999999
,,15,Content Generation,405,407,812,0.001624
,,16,Content Generation,388,606,994,0.0019879999999999997
,,17,Content Generation,354,778,1132,0.002264
,,18,Content Generation,349,851,1200,0.0024
,,19,HTML Conversion,430,511,941,0.001882
,,20,HTML Conversion,525,536,1061,0.0021219999999999998
,,21,HTML Conversion,724,926,1650,0.0033
,,22,HTML Conversion,896,1032,1928,0.0038559999999999996
,,23,HTML Conversion,969,1224,2193,0.004386
Dynamic Brands,Sofa Manufacturing Malaysia,0,Initial,0,0,0,0
,,1,Industry Identification,76,4,80,0.00015999999999999999
,,2,Target Search,79,75,154,0.000308
,,3,Keyword Clusters Search,80,46,126,0.000252
,,4,Title Generation,75,15,90,0.00017999999999999998
,,5,Title Generation,76,16,92,0.000184
,,6,Title Generation,75,18,93,0.000186
,,7,Title Generation,77,17,94,0.000188
,,8,Title Generation,79,20,99,0.000198
,,9,Outline Generation,127,212,339,0.000678
,,10,Outline Generation,125,280,405,0.00081
,,11,Outline Generation,123,274,397,0.000794
,,12,Outline Generation,122,291,413,0.0008259999999999999
,,13,Outline Generation,124,292,416,0.000832
,,14,Content Generation,343,364,707,0.001414
,,15,Content Generation,419,413,832,0.001664
,,16,Content Generation,408,478,886,0.001772
,,17,Content Generation,399,595,994,0.0019879999999999997
,,18,Content Generation,417,587,1004,0.002008
,,19,HTML Conversion,482,478,960,0.0019199999999999998
,,20,HTML Conversion,531,639,1170,0.00234
,,21,HTML Conversion,596,795,1391,0.0027819999999999998
,,22,HTML Conversion,705,826,1531,0.003062
,,23,HTML Conversion,713,817,1530,0.00306
,,24,Adding Components,895,1291,2186,0.004372
,,25,Adding Components,926,1309,2235,0.00447
,,26,Adding Components,917,1335,2252,0.004504
,,27,Adding Components,739,2360,3099,0.0061979999999999995
,,28,Adding footer,2438,354,2792,0.0055839999999999996
,,29,Adding footer,1368,1293,2661,0.0053219999999999995
,,30,Changing font,108,195,303,0.000606
,,31,Adding footer,1386,1258,2644,0.005288
,,32,Adding footer,1412,1270,2682,0.005364
,,33,Changing font,108,223,331,0.0006619999999999999
,,34,Changing font,108,195,303,0.000606
,,35,Adding Components,578,3519,4097,0.008194
,,36,Changing font,108,231,339,0.000678
,,37,Adding animation,293,313,606,0.001212
,,38,Adding animation,321,271,592,0.001184
,,39,Adding animation,293,313,606,0.001212
,,40,Adding animation,329,337,666,0.0013319999999999999
,,41,Compiling files,1360,139,1499,0.002998
,,42,Adding footer,3597,500,4097,0.008194
,,43,Compiling files,1376,117,1493,0.002986
,,44,Changing font,108,195,303,0.000606
,,45,Adding animation,293,258,551,0.001102
,,46,Compiling files,458,191,649,0.001298
,,47,Compiling files,1396,1368,2764,0.005528
,,48,Compiling files,611,1245,1856,0.003712
Dynamic Brands,Video Commercial Company,0,Initial,0,0,0,0
,,1,Industry Identification,76,5,81,0.00016199999999999998
,,2,Target Search,79,53,132,0.00026399999999999997
,,3,Keyword Clusters Search,80,52,132,0.00026399999999999997
,,4,Title Generation,75,19,94,0.000188
,,5,Title Generation,75,17,92,0.000184
,,6,Title Generation,75,20,95,0.00018999999999999998
,,7,Title Generation,75,14,89,0.000178
,,8,Title Generation,77,20,97,0.000194
,,9,Outline Generation,124,233,357,0.000714
,,10,Outline Generation,127,232,359,0.000718
,,11,Outline Generation,126,311,437,0.000874
,,12,Outline Generation,127,334,461,0.000922
,,13,Outline Generation,121,271,392,0.000784
,,14,Content Generation,359,418,777,0.0015539999999999998
,,15,Content Generation,363,454,817,0.0016339999999999998
,,16,Content Generation,463,393,856,0.001712
,,17,Content Generation,438,696,1134,0.002268
,,18,HTML Conversion,511,542,1053,0.002106
,,19,HTML Conversion,572,620,1192,0.002384
,,20,HTML Conversion,536,848,1384,0.002768
,,21,Content Generation,394,415,809,0.0016179999999999999
,,22,Adding Components,642,829,1471,0.0029419999999999997
,,23,HTML Conversion,814,1064,1878,0.003756
,,24,Adding footer,906,146,1052,0.002104
,,25,Changing font,108,231,339,0.000678
,,26,HTML Conversion,533,702,1235,0.00247
,,27,Adding animation,332,390,722,0.001444
,,28,Adding Components,948,1519,2467,0.004934
,,29,Compiling files,251,199,450,0.0009
,,30,Adding Components,1164,1673,2837,0.005673999999999999
,,31,Adding Components,802,1348,2150,0.0043
,,32,Adding Components,720,3377,4097,0.008194
,,33,Adding footer,3455,642,4097,0.008194
,,34,Adding footer,1750,1616,3366,0.006731999999999999
,,35,Changing font,108,195,303,0.000606
,,36,Changing font,108,231,339,0.000678
,,37,Adding animation,296,365,661,0.001322
,,38,Compiling files,746,144,890,0.00178
,,39,Adding animation,332,420,752,0.001504
,,40,Compiling files,1720,262,1982,0.003964
NexMind,Chair Manufacturing in Malaysia,0,Initial,0,0,0,0
,,1,Industry Identification,77,4,81,0.00016199999999999998
,,2,Target Search,80,72,152,0.00030399999999999996
,,3,Keyword Clusters Search,81,53,134,0.000268
,,4,Title Generation,75,17,92,0.000184
,,5,Title Generation,76,14,90,0.00017999999999999998
,,6,Title Generation,76,15,91,0.00018199999999999998
,,7,Title Generation,75,21,96,0.000192
,,8,Title Generation,76,15,91,0.00018199999999999998
,,9,Outline Generation,128,221,349,0.0006979999999999999
,,10,Outline Generation,122,224,346,0.000692
,,11,Outline Generation,121,237,358,0.000716
,,12,Outline Generation,124,276,400,0.0007999999999999999
,,13,Outline Generation,122,342,464,0.000928
OpenAI,Sofa Manufacturing in Malaysia,0,Initial,0,0,0,0
,,1,Industry Identification,77,4,81,0.00016199999999999998
,,2,Target Search,80,72,152,0.00030399999999999996
,,3,Keyword Clusters Search,81,42,123,0.00024599999999999996
,,4,Title Generation,75,17,92,0.000184
,,5,Title Generation,75,16,91,0.00018199999999999998
,,6,Title Generation,75,19,94,0.000188
,,7,Title Generation,77,15,92,0.000184
,,8,Title Generation,75,13,88,0.000176
,,9,Outline Generation,123,214,337,0.000674
,,10,Outline Generation,124,247,371,0.0007419999999999999
,,11,Outline Generation,120,267,387,0.000774
,,12,Outline Generation,122,260,382,0.0007639999999999999
,,13,Outline Generation,126,335,461,0.000922
NexMind,Sofa Manufacturing in Malaysia,0,Initial,0,0,0,0
,,1,Industry Identification,77,4,81,0.00016199999999999998
,,2,Target Search,80,72,152,0.00030399999999999996
,,3,Keyword Clusters Search,81,42,123,0.00024599999999999996
,,4,Title Generation,75,19,94,0.000188
,,5,Title Generation,75,16,91,0.00018199999999999998
,,6,Title Generation,75,16,91,0.00018199999999999998
,,7,Title Generation,77,16,93,0.000186
,,8,Title Generation,75,18,93,0.000186
,,9,Outline Generation,123,175,298,0.000596
,,10,Outline Generation,125,187,312,0.000624
,,11,Outline Generation,123,217,340,0.0006799999999999999
,,12,Outline Generation,126,270,396,0.000792
,,13,Outline Generation,123,328,451,0.0009019999999999999
NexMind,Chair Manufacturing in Malaysia,0,Initial,0,0,0,0
,,1,Industry Identification,77,4,81,0.00016199999999999998
,,2,Target Search,80,70,150,0.0003
,,3,Keyword Clusters Search,81,53,134,0.000268
,,4,Title Generation,75,16,91,0.00018199999999999998
,,5,Title Generation,76,14,90,0.00017999999999999998
,,6,Title Generation,76,15,91,0.00018199999999999998
,,7,Title Generation,75,16,91,0.00018199999999999998
,,8,Title Generation,76,17,93,0.000186
,,9,Outline Generation,124,149,273,0.0005459999999999999
,,10,Outline Generation,123,242,365,0.00073
,,11,Outline Generation,122,296,418,0.0008359999999999999
,,12,Outline Generation,121,327,448,0.000896
,,13,Outline Generation,123,398,521,0.001042
NexMind,Video Commercial Company in Malaysia,0,Initial,0,0,0,0
,,1,Industry Identification,78,5,83,0.000166
,,2,Target Search,81,74,155,0.00031
,,3,Keyword Clusters Search,82,62,144,0.000288
,,4,Title Generation,77,16,93,0.000186
,,5,Title Generation,78,22,100,0.00019999999999999998
,,6,Title Generation,77,25,102,0.000204
,,7,Title Generation,77,14,91,0.00018199999999999998
,,8,Title Generation,78,16,94,0.000188
,,9,Outline Generation,132,272,404,0.000808
,,10,Outline Generation,121,281,402,0.0008039999999999999
,,11,Outline Generation,129,354,483,0.000966
,,12,Outline Generation,123,309,432,0.000864
,,13,Outline Generation,123,315,438,0.0008759999999999999
NexMind,Chair Manufacturing in Malaysia,0,Initial,0,0,0,0
,,1,Industry Identification,77,4,81,0.00016199999999999998
,,2,Target Search,80,72,152,0.00030399999999999996
,,3,Keyword Clusters Search,81,53,134,0.000268
,,4,Title Generation,75,15,90,0.00017999999999999998
,,5,Title Generation,76,16,92,0.000184
,,6,Title Generation,76,13,89,0.000178
,,7,Title Generation,75,15,90,0.00017999999999999998
,,8,Title Generation,76,17,93,0.000186
,,9,Outline Generation,120,187,307,0.000614
,,10,Outline Generation,124,231,355,0.00071
,,11,Outline Generation,122,283,405,0.00081
,,12,Outline Generation,122,269,391,0.0007819999999999999
,,13,Outline Generation,123,346,469,0.0009379999999999999
,,14,Content Generation,173,389,562,0.001124
,,15,HTML Conversion,507,535,1042,0.002084
,,16,Adding Components,635,3448,4083,0.008166
,,17,Adding footer,3525,572,4097,0.008194
,,18,Changing font,108,195,303,0.000606
,,19,Adding animation,296,365,661,0.001322
,,20,Compiling files,680,1060,1740,0.00348
NexMind,Sofa Manufacturing in Malaysia,0,Initial,0,0,0,0
,,1,Industry Identification,77,4,81,0.00016199999999999998
,,2,Target Search,80,72,152,0.00030399999999999996
,,3,Keyword Clusters Search,81,42,123,0.00024599999999999996
,,4,Title Generation,75,21,96,0.000192
,,5,Title Generation,75,16,91,0.00018199999999999998
,,6,Title Generation,75,16,91,0.00018199999999999998
,,7,Title Generation,77,15,92,0.000184
,,8,Title Generation,75,15,90,0.00017999999999999998
,,9,Outline Generation,122,188,310,0.00062
,,10,Outline Generation,123,225,348,0.000696
,,11,Outline Generation,128,234,362,0.0007239999999999999
,,12,Outline Generation,122,261,383,0.000766
,,13,Outline Generation,123,327,450,0.0009
,,14,Content Generation,171,405,576,0.001152
,,15,HTML Conversion,522,536,1058,0.002116
,,16,Adding Components,636,3461,4097,0.008194
,,17,Adding footer,3538,559,4097,0.008194
,,18,Changing font,108,231,339,0.000678
,,19,Adding animation,332,454,786,0.0015719999999999998
NexMind,Video Commercial Company in Malaysia,0,Initial,0,0,0,0
,,1,Industry Identification,78,5,83,0.000166
,,2,Target Search,81,74,155,0.00031
,,3,Keyword Clusters Search,82,62,144,0.000288
,,4,Title Generation,77,17,94,0.000188
,,5,Title Generation,78,16,94,0.000188
,,6,Title Generation,77,26,103,0.000206
,,7,Title Generation,77,17,94,0.000188
,,8,Title Generation,78,20,98,0.000196
,,9,Outline Generation,123,243,366,0.000732
,,10,Outline Generation,133,274,407,0.0008139999999999999
,,11,Outline Generation,124,300,424,0.000848
,,12,Outline Generation,124,355,479,0.000958
,,13,Outline Generation,127,380,507,0.001014
,,14,Content Generation,185,426,611,0.001222
,,15,HTML Conversion,544,639,1183,0.002366
,,16,Changing font,108,231,339,0.000678
,,17,Adding animation,332,399,731,0.001462
NexMind,Video Commercial Company in Malaysia,0,Initial,0,0,0,0
,,1,Industry Identification,78,5,83,0.000166
,,2,Target Search,81,74,155,0.00031
,,3,Keyword Clusters Search,82,62,144,0.000288
,,4,Title Generation,77,18,95,0.00018999999999999998
,,5,Title Generation,78,18,96,0.000192
,,6,Title Generation,77,17,94,0.000188
,,7,Title Generation,77,16,93,0.000186
,,8,Title Generation,78,20,98,0.000196
,,9,Outline Generation,125,250,375,0.00075
,,10,Outline Generation,127,268,395,0.00079
,,11,Outline Generation,123,297,420,0.0008399999999999999
,,12,Outline Generation,125,327,452,0.000904
,,13,Outline Generation,124,293,417,0.000834
,,14,Content Generation,179,355,534,0.001068
,,15,HTML Conversion,473,523,996,0.001992
,,16,Changing font,108,195,303,0.000606
,,17,Adding animation,296,365,661,0.001322
Dynamic Brands,Sofa Manufacturing in Malaysia,0,Initial,0,0,0,0
,,1,Industry Identification,77,4,81,0.00016199999999999998
,,2,Target Search,80,72,152,0.00030399999999999996
,,3,Keyword Clusters Search,81,42,123,0.00024599999999999996
,,4,Title Generation,75,14,89,0.000178
,,5,Title Generation,75,17,92,0.000184
,,6,Title Generation,75,16,91,0.00018199999999999998
,,7,Title Generation,77,15,92,0.000184
,,8,Title Generation,75,16,91,0.00018199999999999998
,,9,Outline Generation,123,150,273,0.0005459999999999999
,,10,Outline Generation,123,178,301,0.000602
,,11,Outline Generation,121,240,361,0.000722
,,12,Outline Generation,124,184,308,0.000616
,,13,Outline Generation,122,345,467,0.0009339999999999999
,,14,Content Generation,173,456,629,0.001258
,,15,HTML Conversion,574,658,1232,0.002464
,,16,Adding Components,764,929,1693,0.0033859999999999997
,,17,Adding footer,1006,1073,2079,0.004158
,,18,Changing font,112,362,474,0.000948
,,19,Adding animation,468,440,908,0.001816
NexMind,Sofa Manufacturing in Malaysia,0,Initial,0,0,0,0
,,1,Industry Identification,77,4,81,0.00016199999999999998
,,2,Target Search,80,72,152,0.00030399999999999996
,,3,Keyword Clusters Search,81,42,123,0.00024599999999999996
,,4,Title Generation,75,16,91,0.00018199999999999998
,,5,Title Generation,75,16,91,0.00018199999999999998
,,6,Title Generation,75,16,91,0.00018199999999999998
,,7,Title Generation,77,14,91,0.00018199999999999998
,,8,Title Generation,75,13,88,0.000176
,,9,Outline Generation,121,215,336,0.000672
,,10,Outline Generation,123,281,404,0.000808
,,11,Outline Generation,120,315,435,0.00087
,,12,Outline Generation,123,336,459,0.000918
,,13,Outline Generation,123,413,536,0.001072
,,14,Content Generation,172,630,802,0.001604
,,15,HTML Conversion,748,652,1400,0.0028
,,16,Adding Components,758,1032,1790,0.00358
,,17,Adding footer,1109,1077,2186,0.004372
,,18,Changing font,112,381,493,0.000986
,,19,Adding animation,483,296,779,0.001558
Mood,Bed Retail Companies in Malaysia,0,Initial,0,0,0,0
,,1,Industry Identification,78,3,81,0.00016199999999999998
,,2,Target Search,81,82,163,0.000326
,,3,Keyword Clusters Search,82,56,138,0.000276
,,4,Title Generation,75,19,94,0.000188
,,5,Title Generation,76,17,93,0.000186
,,6,Title Generation,76,17,93,0.000186
,,7,Title Generation,78,18,96,0.000192
,,8,Title Generation,76,17,93,0.000186
,,9,Outline Generation,123,177,300,0.0006
,,10,Outline Generation,123,208,331,0.0006619999999999999
,,11,Outline Generation,125,209,334,0.000668
,,12,Outline Generation,123,240,363,0.000726
,,13,Outline Generation,124,263,387,0.000774
,,14,Content Generation,173,358,531,0.001062
,,15,HTML Conversion,476,475,951,0.0019019999999999998
,,16,Adding Components,587,1106,1693,0.0033859999999999997
,,17,Changing font,112,331,443,0.000886
,,18,Adding animation,434,314,748,0.001496
Time,Wifi Company in Malaysia,0,Initial,0,0,0,0
,,1,Industry Identification,77,4,81,0.00016199999999999998
,,2,Target Search,80,75,155,0.00031
,,3,Keyword Clusters Search,81,62,143,0.000286
,,4,Title Generation,77,14,91,0.00018199999999999998
,,5,Title Generation,78,17,95,0.00018999999999999998
,,6,Title Generation,78,18,96,0.000192
,,7,Title Generation,78,17,95,0.00018999999999999998
,,8,Title Generation,76,14,90,0.00017999999999999998
,,9,Outline Generation,123,186,309,0.000618
,,10,Outline Generation,124,205,329,0.000658
,,11,Outline Generation,123,203,326,0.000652
,,12,Outline Generation,120,252,372,0.000744
,,13,Outline Generation,120,253,373,0.0007459999999999999
,,14,Content Generation,172,274,446,0.000892
,,15,HTML Conversion,389,493,882,0.001764
,,16,Adding Components,605,1052,1657,0.0033139999999999997
,,17,Changing font,121,235,356,0.000712
,,18,Adding animation,338,278,616,0.001232
NexMind,Sofa Manufacturing in Malaysia,0,Initial,0,0,0,0
,,1,Industry Identification,77,4,81,0.00016199999999999998
,,2,Target Search,80,72,152,0.00030399999999999996
,,3,Keyword Clusters Search,81,42,123,0.00024599999999999996
,,4,Title Generation,75,19,94,0.000188
,,5,Title Generation,75,16,91,0.00018199999999999998
,,6,Title Generation,75,18,93,0.000186
,,7,Title Generation,77,18,95,0.00018999999999999998
,,8,Title Generation,75,16,91,0.00018199999999999998
,,9,Outline Generation,117,320,437,0.000874
,,10,Outline Generation,119,325,444,0.000888
,,11,Outline Generation,119,359,478,0.0009559999999999999
,,12,Outline Generation,120,372,492,0.0009839999999999998
,,13,Outline Generation,117,387,504,0.001008
,,14,Content Generation,173,593,766,0.001532
,,15,HTML Conversion,708,640,1348,0.002696
,,16,Adding Components,746,580,1326,0.002652
,,17,Changing font,121,227,348,0.000696
,,18,Adding animation,368,476,844,0.0016879999999999998
Time,Wifi Company in Malaysia,0,Initial,0,0,0,0
,,1,Industry Identification,77,4,81,0.00016199999999999998
,,2,Target Search,80,75,155,0.00031
,,3,Keyword Clusters Search,81,68,149,0.000298
,,4,Title Generation,78,17,95,0.00018999999999999998
,,5,Title Generation,78,14,92,0.000184
,,6,Title Generation,79,17,96,0.000192
,,7,Title Generation,78,15,93,0.000186
,,8,Title Generation,80,19,99,0.000198
,,9,Outline Generation,119,278,397,0.000794
,,10,Outline Generation,117,312,429,0.0008579999999999999
,,11,Outline Generation,117,326,443,0.000886
,,12,Outline Generation,114,373,487,0.0009739999999999999
,,13,Outline Generation,115,405,520,0.00104
,,14,Content Generation,177,235,412,0.000824
,,15,HTML Conversion,350,384,734,0.001468
,,16,Adding Components,496,917,1413,0.002826
,,17,Changing font,121,235,356,0.000712
,,18,Adding animation,338,279,617,0.0012339999999999999
NexMind,Fortune Teller in Malaysia,0,Initial,0,0,0,0
,,1,Industry Identification,78,4,82,0.000164
,,2,Target Search,81,113,194,0.000388
,,3,Keyword Clusters Search,82,45,127,0.000254
,,4,Title Generation,75,21,96,0.000192
,,5,Title Generation,76,15,91,0.00018199999999999998
,,6,Title Generation,77,14,91,0.00018199999999999998
,,7,Title Generation,74,16,90,0.00017999999999999998
,,8,Title Generation,75,14,89,0.000178
,,9,Outline Generation,115,295,410,0.00082
,,10,Outline Generation,122,290,412,0.000824
,,11,Outline Generation,115,344,459,0.000918
,,12,Outline Generation,117,389,506,0.0010119999999999999
,,13,Outline Generation,116,416,532,0.001064
,,14,Content Generation,168,303,471,0.0009419999999999999
,,15,HTML Conversion,419,598,1017,0.002034
,,16,Adding Components,710,921,1631,0.0032619999999999997
,,17,Changing font,121,235,356,0.000712
,,18,Adding animation,338,278,616,0.001232
Mood,Bed Retail Companies in Malaysia,0,Initial,0,0,0,0
,,1,Industry Identification,78,3,81,0.00016199999999999998
,,2,Target Search,81,81,162,0.00032399999999999996
,,3,Keyword Clusters Search,82,56,138,0.000276
,,4,Title Generation,75,18,93,0.000186
,,5,Title Generation,76,17,93,0.000186
,,6,Title Generation,76,16,92,0.000184
,,7,Title Generation,78,18,96,0.000192
,,8,Title Generation,76,15,91,0.00018199999999999998
,,9,Outline Generation,118,266,384,0.000768
,,10,Outline Generation,118,263,381,0.000762
,,11,Outline Generation,117,313,430,0.00086
,,12,Outline Generation,115,305,420,0.0008399999999999999
,,13,Outline Generation,116,370,486,0.000972
,,14,Content Generation,173,274,447,0.0008939999999999999
,,15,HTML Conversion,388,767,1155,0.00231
,,16,Adding Components,879,1193,2072,0.004144
,,17,Changing font,121,235,356,0.000712
,,18,Adding animation,338,279,617,0.0012339999999999999
NexMind,Window Retailers in Malaysia,0,Initial,0,0,0,0
,,1,Industry Identification,78,4,82,0.000164
,,2,Target Search,81,71,152,0.00030399999999999996
,,3,Keyword Clusters Search,82,52,134,0.000268
,,4,Title Generation,74,15,89,0.000178
,,5,Title Generation,75,15,90,0.00017999999999999998
,,6,Title Generation,74,12,86,0.00017199999999999998
,,7,Title Generation,76,19,95,0.00018999999999999998
,,8,Title Generation,78,26,104,0.000208
,,9,Outline Generation,127,239,366,0.000732
,,10,Outline Generation,116,276,392,0.000784
,,11,Outline Generation,113,366,479,0.000958
,,12,Outline Generation,120,364,484,0.000968
,,13,Outline Generation,116,407,523,0.001046
,,14,Content Generation,177,682,859,0.001718
,,15,HTML Conversion,797,677,1474,0.0029479999999999997
,,16,Adding Components,789,997,1786,0.0035719999999999997
,,17,Changing font,121,227,348,0.000696
,,18,Adding animation,330,279,609,0.001218
NexMind,Sofa Manufacturing,0,Initial,0,0,0,0
,,1,Industry Identification,75,4,79,0.000158
,,2,Target Search,78,55,133,0.000266
,,3,Keyword Clusters Search,79,37,116,0.000232
,,4,Title Generation,73,11,84,0.000168
,,5,Title Generation,74,15,89,0.000178
,,6,Title Generation,74,14,88,0.000176
,,7,Title Generation,75,18,93,0.000186
,,8,Title Generation,76,16,92,0.000184
,,9,Outline Generation,115,243,358,0.000716
,,10,Outline Generation,116,281,397,0.000794
,,11,Outline Generation,112,283,395,0.00079
,,12,Outline Generation,119,307,426,0.000852
,,13,Outline Generation,117,329,446,0.000892
,,14,Content Generation,167,214,381,0.000762
,,15,HTML Conversion,328,339,667,0.001334
,,16,Adding Components,451,1117,1568,0.003136
,,17,Changing font,121,227,348,0.000696
,,18,Adding animation,330,280,610,0.00122
NexMind,Bed Retail Companies in Malaysia,0,Initial,0,0,0,0
,,1,Industry Identification,78,3,81,0.00016199999999999998
,,2,Target Search,81,81,162,0.00032399999999999996
,,3,Keyword Clusters Search,82,56,138,0.000276
,,4,Title Generation,75,18,93,0.000186
,,5,Title Generation,76,17,93,0.000186
,,6,Title Generation,76,17,93,0.000186
,,7,Title Generation,78,21,99,0.000198
,,8,Title Generation,76,19,95,0.00018999999999999998
,,9,Outline Generation,120,293,413,0.0008259999999999999
,,10,Outline Generation,118,312,430,0.00086
,,11,Outline Generation,122,371,493,0.000986
,,12,Outline Generation,118,366,484,0.000968
,,13,Outline Generation,119,432,551,0.001102
,,14,Content Generation,176,319,495,0.00099
,,15,HTML Conversion,434,796,1230,0.00246
,,16,Adding Components,908,1219,2127,0.004254
,,17,Changing font,121,227,348,0.000696
,,18,Adding animation,330,280,610,0.00122
NexMind,Chair Manufacturing in Malaysia,0,Initial,0,0,0,0
,,1,Industry Identification,77,4,81,0.00016199999999999998
,,2,Target Search,80,72,152,0.00030399999999999996
,,3,Keyword Clusters Search,81,53,134,0.000268
,,4,Title Generation,75,17,92,0.000184
,,5,Title Generation,76,14,90,0.00017999999999999998
,,6,Title Generation,76,12,88,0.000176
,,7,Title Generation,75,17,92,0.000184
,,8,Title Generation,76,15,91,0.00018199999999999998
,,9,Outline Generation,113,317,430,0.00086
,,10,Outline Generation,115,354,469,0.0009379999999999999
,,11,Outline Generation,116,322,438,0.0008759999999999999
,,12,Outline Generation,118,440,558,0.001116
,,13,Outline Generation,118,446,564,0.0011279999999999999
,,14,Content Generation,163,332,495,0.00099
,,15,HTML Conversion,447,540,987,0.001974
,,16,Adding Components,652,1306,1958,0.003916
,,17,Changing font,121,235,356,0.000712
,,18,Adding animation,338,278,616,0.001232
Dynamic Brands,Sofa Manufacturing in Malaysia,0,Initial,0,0,0,0
,,1,Industry Identification,77,4,81,0.00016199999999999998
,,2,Target Search,80,72,152,0.00030399999999999996
,,3,Keyword Clusters Search,81,42,123,0.00024599999999999996
,,4,Title Generation,75,17,92,0.000184
,,5,Title Generation,75,16,91,0.00018199999999999998
,,6,Title Generation,75,16,91,0.00018199999999999998
,,7,Title Generation,77,15,92,0.000184
,,8,Title Generation,75,14,89,0.000178
,,9,Outline Generation,118,279,397,0.000794
,,10,Outline Generation,116,309,425,0.00085
,,11,Outline Generation,117,293,410,0.00082
,,12,Outline Generation,117,391,508,0.001016
,,13,Outline Generation,115,374,489,0.000978
,,14,Content Generation,169,259,428,0.000856
,,15,HTML Conversion,374,467,841,0.001682
,,16,Adding Components,579,1092,1671,0.003342
,,17,Changing font,121,235,356,0.000712
,,18,Adding animation,338,278,616,0.001232
,,,Complete,0,0,0,0
CBD,Business Digitization Malaysia,0,Initial,0,0,0,0
,,1,Industry Identification,77,7,84,0.000168
,,2,Target Search,80,75,155,0.00031
,,3,Keyword Clusters Search,81,62,143,0.000286
,,4,Title Generation,75,14,89,0.000178
,,5,Title Generation,77,14,91,0.00018199999999999998
,,6,Title Generation,78,14,92,0.000184
,,7,Title Generation,78,15,93,0.000186
,,8,Title Generation,79,19,98,0.000196
,,9,Outline Generation,115,51,166,0.000332
,,10,Outline Generation,119,269,388,0.000776
,,11,Outline Generation,114,331,445,0.00089
,,12,Outline Generation,114,346,460,0.0009199999999999999
,,13,Outline Generation,114,402,516,0.001032
,,14,Content Generation,171,280,451,0.0009019999999999999
,,15,HTML Conversion,394,405,799,0.001598
,,16,Adding Components,517,822,1339,0.002678
,,17,Changing font,121,227,348,0.000696
,,18,Adding animation,330,279,609,0.001218
,,,Complete,0,0,0,0
NexMind,Sofa Manufacturing in Malaysia,0,Initial,0,0,0,0
,,1,Industry Identification,77,4,81,0.00016199999999999998
,,2,Target Search,80,72,152,0.00030399999999999996
,,3,Keyword Clusters Search,81,42,123,0.00024599999999999996
,,4,Title Generation,75,17,92,0.000184
,,5,Title Generation,75,15,90,0.00017999999999999998
,,6,Title Generation,75,16,91,0.00018199999999999998
,,7,Title Generation,77,15,92,0.000184
,,8,Title Generation,75,14,89,0.000178
,,9,Outline Generation,116,283,399,0.000798
,,10,Outline Generation,117,314,431,0.0008619999999999999
,,11,Outline Generation,115,338,453,0.000906
,,12,Outline Generation,116,449,565,0.00113
,,13,Outline Generation,118,665,783,0.001566
,,14,Content Generation,166,240,406,0.000812
,,15,HTML Conversion,354,416,770,0.00154
,,16,Adding Components,528,964,1492,0.0029839999999999997
,,17,Changing font,121,235,356,0.000712
,,18,Adding animation,338,278,616,0.001232
,,,Complete,0,0,0,0
Infomina,Business Digitization in Malaysia,0,Initial,0,0,0,0
,,1,Industry Identification,78,7,85,0.00016999999999999999
,,2,Target Search,81,76,157,0.000314
,,3,Keyword Clusters Search,82,60,142,0.00028399999999999996
,,4,Title Generation,75,16,91,0.00018199999999999998
,,5,Title Generation,77,21,98,0.000196
,,6,Title Generation,76,16,92,0.000184
,,7,Title Generation,78,19,97,0.000194
,,8,Title Generation,79,18,97,0.000194
,,9,Outline Generation,120,314,434,0.000868
,,10,Outline Generation,118,369,487,0.0009739999999999999
,,11,Outline Generation,123,396,519,0.0010379999999999999
,,12,Outline Generation,121,409,530,0.00106
,,13,Outline Generation,118,416,534,0.001068
,,14,Content Generation,176,332,508,0.001016
,,15,HTML Conversion,446,566,1012,0.0020239999999999998
,,16,Adding Components,678,1144,1822,0.0036439999999999997
,,17,Changing font,121,235,356,0.000712
,,18,Adding animation,338,278,616,0.001232
,,,Complete,0,0,0,0
Infomina,Sofa Manufacturing in Malaysia,0,Initial,0,0,0,0
,,1,Industry Identification,77,4,81,0.00016199999999999998
,,2,Target Search,80,72,152,0.00030399999999999996
,,3,Keyword Clusters Search,81,42,123,0.00024599999999999996
,,4,Title Generation,75,15,90,0.00017999999999999998
,,5,Title Generation,75,15,90,0.00017999999999999998
,,6,Title Generation,75,16,91,0.00018199999999999998
,,7,Title Generation,77,16,93,0.000186
,,8,Title Generation,75,14,89,0.000178
,,9,Outline Generation,118,324,442,0.0008839999999999999
,,10,Outline Generation,117,336,453,0.000906
,,11,Outline Generation,117,333,450,0.0009
,,12,Outline Generation,116,398,514,0.001028
,,13,Outline Generation,118,477,595,0.0011899999999999999
,,14,Content Generation,169,354,523,0.001046
,,15,HTML Conversion,469,480,949,0.001898
,,,Complete,0,0,0,0
Dynamic Brands,Sofa Manufacturing in Malaysia,0,Initial,0,0,0,0
,,1,Industry Identification,77,4,81,0.00016199999999999998
,,2,Target Search,80,72,152,0.00030399999999999996
,,3,Keyword Clusters Search,81,42,123,0.00024599999999999996
,,4,Title Generation,75,18,93,0.000186
,,5,Title Generation,75,16,91,0.00018199999999999998
,,6,Title Generation,75,18,93,0.000186
,,7,Title Generation,77,16,93,0.000186
,,8,Title Generation,75,18,93,0.000186
,,9,Outline Generation,119,286,405,0.00081
,,10,Outline Generation,119,326,445,0.00089
,,11,Outline Generation,117,343,460,0.0009199999999999999
,,12,Outline Generation,117,339,456,0.0009119999999999999
,,13,Outline Generation,119,500,619,0.001238
,,14,Content Generation,172,362,534,0.001068
,,15,HTML Conversion,478,493,971,0.001942
,,,Complete,0,0,0,0
Nick,Foldable tent in malaysia,0,Initial,0,0,0,0
,,1,Industry Identification,78,4,82,0.000164
,,2,Target Search,81,75,156,0.000312
,,3,Keyword Clusters Search,82,64,146,0.000292
,,4,Title Generation,77,16,93,0.000186
,,5,Title Generation,77,17,94,0.000188
,,6,Title Generation,79,22,101,0.000202
,,7,Title Generation,78,25,103,0.000206
,,8,Title Generation,78,21,99,0.000198
,,9,Outline Generation,122,290,412,0.000824
,,10,Outline Generation,116,293,409,0.0008179999999999999
,,11,Outline Generation,117,300,417,0.000834
,,12,Outline Generation,125,305,430,0.00086
,,13,Outline Generation,121,329,450,0.0009
,,14,Content Generation,177,341,518,0.001036
,,15,HTML Conversion,456,446,902,0.0018039999999999998
,,,Complete,0,0,0,0
Dynamic Brands,Sofa Manufacturing in Malaysia,0,Initial,0,0,0,0
Dynamic Brands,Sofa Manufacturing in Malaysia,0,Initial,0,0,0,0
,,1,Industry Identification,77,4,81,0.00016199999999999998
,,2,Target Search,80,72,152,0.00030399999999999996
,,3,Keyword Clusters Search,81,42,123,0.00024599999999999996
,,4,Title Generation,75,15,90,0.00017999999999999998
,,5,Title Generation,75,16,91,0.00018199999999999998
,,6,Title Generation,75,12,87,0.000174
,,7,Title Generation,77,16,93,0.000186
,,8,Title Generation,75,15,90,0.00017999999999999998
,,9,Outline Generation,104,98,202,0.000404
,,10,Outline Generation,100,106,206,0.000412
,,11,Outline Generation,103,123,226,0.000452
,,12,Outline Generation,104,153,257,0.000514
,,13,Outline Generation,103,165,268,0.000536
,,14,Content Generation,165,363,528,0.0010559999999999999
,,15,HTML Conversion,478,571,1049,0.002098
,,,Complete,0,0,0,0
Dynamic Brands,Chair Manufacturing Company,0,Initial,0,0,0,0
,,1,Industry Identification,76,5,81,0.00016199999999999998
,,2,Target Search,79,52,131,0.00026199999999999997
,,3,Keyword Clusters Search,80,56,136,0.000272
,,4,Title Generation,77,16,93,0.000186
,,5,Title Generation,75,17,92,0.000184
,,6,Title Generation,77,15,92,0.000184
,,7,Title Generation,75,17,92,0.000184
,,8,Title Generation,77,18,95,0.00018999999999999998
,,9,Outline Generation,104,89,193,0.000386
,,10,Outline Generation,103,94,197,0.000394
,,11,Outline Generation,105,130,235,0.00047
,,12,Outline Generation,106,139,245,0.00049
,,13,Outline Generation,105,204,309,0.000618
,,14,Content Generation,168,295,463,0.000926
,,15,HTML Conversion,410,594,1004,0.002008
,,16,Adding Components,706,881,1587,0.0031739999999999997
,,17,Changing font,121,235,356,0.000712
,,18,Adding animation,338,279,617,0.0012339999999999999
,,,Complete,0,0,0,0
NexMind,Job Search Company Malaysia,0,Initial,0,0,0,0
,,1,Industry Identification,77,7,84,0.000168
,,2,Target Search,80,71,151,0.00030199999999999997
,,3,Keyword Clusters Search,81,41,122,0.000244
,,4,Title Generation,75,13,88,0.000176
Time,Wifi Company Malasysia,0,Initial,0,0,0,0
,,1,Industry Identification,79,6,85,0.00016999999999999999
,,2,Target Search,82,74,156,0.000312
,,3,Keyword Clusters Search,83,51,134,0.000268
,,4,Title Generation,74,16,90,0.00017999999999999998
,,5,Title Generation,75,14,89,0.000178
,,6,Title Generation,75,14,89,0.000178
,,7,Title Generation,75,13,88,0.000176
,,8,Title Generation,77,17,94,0.000188
,,9,Outline Generation,103,57,160,0.00031999999999999997
,,10,Outline Generation,101,86,187,0.000374
,,11,Outline Generation,101,111,212,0.000424
,,12,Outline Generation,100,133,233,0.000466
,,13,Outline Generation,104,190,294,0.000588
,,14,Content Generation,169,422,591,0.0011819999999999999
,,15,HTML Conversion,536,521,1057,0.002114
,,16,Adding Components,633,994,1627,0.003254
,,17,Changing font,121,227,348,0.000696
,,18,Adding animation,330,280,610,0.00122
,,,Complete,0,0,0,0
Dynamic Brands,Sofa Manufacturing in Malaysia,0,Initial,0,0,0,0
,,1,Industry Identification,77,4,81,0.00016199999999999998
,,2,Target Search,80,72,152,0.00030399999999999996
,,3,Keyword Clusters Search,81,42,123,0.00024599999999999996
,,4,Title Generation,75,16,91,0.00018199999999999998
,,5,Title Generation,75,16,91,0.00018199999999999998
,,6,Title Generation,75,18,93,0.000186
,,7,Title Generation,77,16,93,0.000186
,,8,Title Generation,75,14,89,0.000178
,,9,Outline Generation,104,73,177,0.000354
,,10,Outline Generation,102,117,219,0.00043799999999999997
,,11,Outline Generation,104,108,212,0.000424
,,12,Outline Generation,106,135,241,0.00048199999999999995
,,13,Outline Generation,104,145,249,0.000498
,,14,Content Generation,168,293,461,0.000922
,,15,HTML Conversion,408,451,859,0.001718
,,16,Adding Components,563,948,1511,0.003022
,,17,Changing font,121,235,356,0.000712
,,18,Adding animation,338,278,616,0.001232
,,19,Changing alignment,362,254,616,0.001232
Dynamic Brands,Software Development Company,0,Initial,0,0,0,0
,,1,Industry Identification,76,1,77,0.000154
,,2,Target Search,79,54,133,0.000266
,,3,Keyword Clusters Search,80,34,114,0.00022799999999999999
,,4,Title Generation,73,15,88,0.000176
,,5,Title Generation,74,11,85,0.00016999999999999999
,,6,Title Generation,73,13,86,0.00017199999999999998
,,7,Title Generation,73,13,86,0.00017199999999999998
,,8,Title Generation,73,13,86,0.00017199999999999998
,,9,Outline Generation,101,73,174,0.000348
,,10,Outline Generation,99,73,172,0.00034399999999999996
,,11,Outline Generation,101,99,200,0.00039999999999999996
,,12,Outline Generation,103,98,201,0.00040199999999999996
,,13,Outline Generation,101,202,303,0.000606
Dynamic Brands,Sofa Manufacturing in Malaysia,0,Initial,0,0,0,0
,,1,Industry Identification,77,4,81,0.00016199999999999998
,,2,Target Search,80,72,152,0.00030399999999999996
,,3,Keyword Clusters Search,81,42,123,0.00024599999999999996
,,4,Title Generation,75,18,93,0.000186
,,5,Title Generation,75,14,89,0.000178
,,6,Title Generation,75,15,90,0.00017999999999999998
,,7,Title Generation,77,16,93,0.000186
,,8,Title Generation,75,14,89,0.000178
,,9,Outline Generation,102,84,186,0.000372
,,10,Outline Generation,106,84,190,0.00037999999999999997
,,11,Outline Generation,104,102,206,0.000412
,,12,Outline Generation,103,134,237,0.000474
,,13,Outline Generation,102,134,236,0.000472
Dynamic Brands,Sofa Manufacturing in Malaysia,0,Initial,0,0,0,0
,,1,Industry Identification,77,4,81,0.00016199999999999998
,,2,Target Search,80,72,152,0.00030399999999999996
,,3,Keyword Clusters Search,81,42,123,0.00024599999999999996
,,4,Title Generation,75,19,94,0.000188
,,5,Title Generation,75,16,91,0.00018199999999999998
,,6,Title Generation,75,17,92,0.000184
,,7,Title Generation,77,18,95,0.00018999999999999998
,,8,Title Generation,75,14,89,0.000178
,,9,Outline Generation,105,58,163,0.000326
,,10,Outline Generation,106,84,190,0.00037999999999999997
,,11,Outline Generation,102,97,199,0.00039799999999999997
,,12,Outline Generation,107,86,193,0.000386
,,13,Outline Generation,104,121,225,0.00045
Dynamic Brands,Sofa Manufacturing in Malaysia,0,Initial,0,0,0,0
,,1,Industry Identification,77,4,81,0.00016199999999999998
,,2,Target Search,80,72,152,0.00030399999999999996
,,3,Keyword Clusters Search,81,42,123,0.00024599999999999996
,,4,Title Generation,75,17,92,0.000184
,,5,Title Generation,75,16,91,0.00018199999999999998
,,6,Title Generation,75,16,91,0.00018199999999999998
,,7,Title Generation,77,15,92,0.000184
,,8,Title Generation,75,13,88,0.000176
,,9,Outline Generation,103,85,188,0.000376
,,10,Outline Generation,101,96,197,0.000394
,,11,Outline Generation,104,138,242,0.000484
,,12,Outline Generation,105,152,257,0.000514
,,13,Outline Generation,104,160,264,0.0005279999999999999
,,14,Content Generation,171,714,885,0.0017699999999999999
Dynamic Brands,Cell Phone Service Company in Malaysia,0,Initial,0,0,0,0
,,1,Industry Identification,79,4,83,0.000166
,,2,Target Search,82,117,199,0.00039799999999999997
,,3,Keyword Clusters Search,83,50,133,0.000266
,,4,Title Generation,77,14,91,0.00018199999999999998
,,5,Title Generation,76,19,95,0.00018999999999999998
,,6,Title Generation,76,16,92,0.000184
,,7,Title Generation,78,15,93,0.000186
,,8,Title Generation,77,19,96,0.000192
,,9,Outline Generation,107,69,176,0.000352
,,10,Outline Generation,102,83,185,0.00037
,,11,Outline Generation,107,101,208,0.000416
,,12,Outline Generation,103,142,245,0.00049
,,13,Outline Generation,104,195,299,0.000598
,,14,Content Generation,183,526,709,0.001418
,,15,HTML Conversion,641,666,1307,0.002614
,,16,Adding Components,778,1254,2032,0.004064
,,17,Changing font,121,235,356,0.000712
,,18,Adding animation,338,278,616,0.001232
,,19,Changing alignment,362,256,618,0.001236
Time,Wifi Companies in Malaysia,0,Initial,0,0,0,0
,,1,Industry Identification,77,6,83,0.000166
,,2,Target Search,80,69,149,0.000298
,,3,Keyword Clusters Search,81,41,122,0.000244
,,4,Title Generation,74,16,90,0.00017999999999999998
,,5,Title Generation,75,14,89,0.000178
,,6,Title Generation,75,12,87,0.000174
,,7,Title Generation,75,14,89,0.000178
,,8,Title Generation,75,15,90,0.00017999999999999998
,,9,Outline Generation,103,73,176,0.000352
,,10,Outline Generation,99,95,194,0.000388
,,11,Outline Generation,102,113,215,0.00043
,,12,Outline Generation,101,138,239,0.00047799999999999996
,,13,Outline Generation,101,158,259,0.000518
,,14,Content Generation,168,591,759,0.001518
,,15,HTML Conversion,706,773,1479,0.0029579999999999997
,,16,Adding Components,885,1439,2324,0.004648
,,17,Changing font,121,227,348,0.000696
,,18,Adding animation,330,280,610,0.00122
,,19,Changing alignment,364,244,608,0.0012159999999999999
Time,Wifi Companies in Malaysia,0,Initial,0,0,0,0
,,1,Industry Identification,77,6,83,0.000166
,,2,Target Search,80,69,149,0.000298
,,3,Keyword Clusters Search,81,41,122,0.000244
,,4,Title Generation,74,12,86,0.00017199999999999998
,,5,Title Generation,75,12,87,0.000174
,,6,Title Generation,75,14,89,0.000178
,,7,Title Generation,75,17,92,0.000184
,,8,Title Generation,75,16,91,0.00018199999999999998
,,9,Outline Generation,99,72,171,0.00034199999999999996
,,10,Outline Generation,103,104,207,0.000414
,,11,Outline Generation,101,123,224,0.000448
,,12,Outline Generation,104,140,244,0.000488
,,13,Outline Generation,99,137,236,0.000472
,,14,Content Generation,172,570,742,0.0014839999999999999
,,15,HTML Conversion,685,475,1160,0.00232
,,16,Adding Components,587,1004,1591,0.003182
,,17,Changing font,121,235,356,0.000712
,,18,Adding animation,338,278,616,0.001232
,,19,Changing alignment,362,254,616,0.001232
,,,Complete,0,0,0,0
Dynamic Brands,Sofa Manufacturing Company in Malaysia,0,Initial,0,0,0,0
,,1,Industry Identification,78,5,83,0.000166
,,2,Target Search,81,72,153,0.000306
,,3,Keyword Clusters Search,82,49,131,0.00026199999999999997
,,4,Title Generation,75,17,92,0.000184
,,5,Title Generation,76,16,92,0.000184
,,6,Title Generation,76,18,94,0.000188
,,7,Title Generation,79,17,96,0.000192
,,8,Title Generation,77,21,98,0.000196
,,9,Outline Generation,105,70,175,0.00035
,,10,Outline Generation,104,77,181,0.00036199999999999996
,,11,Outline Generation,106,137,243,0.000486
,,12,Outline Generation,109,165,274,0.000548
,,13,Outline Generation,105,166,271,0.000542
,,14,Content Generation,186,557,743,0.001486
,,15,HTML Conversion,672,617,1289,0.002578
,,16,Adding Components,729,1082,1811,0.003622
,,17,Changing font,121,235,356,0.000712
,,18,Adding animation,338,278,616,0.001232
,,19,Changing alignment,361,129,490,0.00098
,,,Complete,0,0,0,0
NexMind,Insurance Company in Malaysia,0,Initial,0,0,0,0
,,1,Industry Identification,77,2,79,0.000158
,,2,Target Search,80,73,153,0.000306
,,3,Keyword Clusters Search,81,64,145,0.00029
,,4,Title Generation,78,17,95,0.00018999999999999998
,,5,Title Generation,77,14,91,0.00018199999999999998
,,6,Title Generation,78,21,99,0.000198
,,7,Title Generation,76,11,87,0.000174
,,8,Title Generation,80,15,95,0.00018999999999999998
,,9,Outline Generation,109,67,176,0.000352
,,10,Outline Generation,99,93,192,0.000384
,,11,Outline Generation,105,119,224,0.000448
,,12,Outline Generation,102,110,212,0.000424
,,13,Outline Generation,103,159,262,0.0005239999999999999
,,14,Content Generation,191,659,850,0.0017
,,15,HTML Conversion,774,509,1283,0.0025659999999999997
,,16,Adding Components,621,1302,1923,0.003846
Time,ISPs in Malaysia,0,Initial,0,0,0,0
,,1,Industry Identification,76,4,80,0.00015999999999999999
,,2,Target Search,79,81,160,0.00031999999999999997
,,3,Keyword Clusters Search,80,54,134,0.000268
,,4,Title Generation,75,13,88,0.000176
,,5,Title Generation,75,15,90,0.00017999999999999998
,,6,Title Generation,75,17,92,0.000184
,,7,Title Generation,78,16,94,0.000188
,,8,Title Generation,76,16,92,0.000184
,,9,Outline Generation,100,80,180,0.00035999999999999997
,,10,Outline Generation,104,129,233,0.000466
,,11,Outline Generation,103,141,244,0.000488
,,12,Outline Generation,103,177,280,0.00056
,,13,Outline Generation,102,216,318,0.000636
,,14,Content Generation,181,637,818,0.0016359999999999999
TM,Best Wifi Company in Malaysia,0,Initial,0,0,0,0
,,1,Industry Identification,78,4,82,0.000164
,,2,Target Search,81,79,160,0.00031999999999999997
,,3,Keyword Clusters Search,82,51,133,0.000266
,,4,Title Generation,75,14,89,0.000178
,,5,Title Generation,75,16,91,0.00018199999999999998
,,6,Title Generation,75,15,90,0.00017999999999999998
,,7,Title Generation,76,14,90,0.00017999999999999998
,,8,Title Generation,75,16,91,0.00018199999999999998
,,9,Outline Generation,103,61,164,0.000328
,,10,Outline Generation,101,148,249,0.000498
,,11,Outline Generation,103,153,256,0.000512
,,12,Outline Generation,102,164,266,0.000532
,,13,Outline Generation,101,184,285,0.00057
,,14,Content Generation,180,500,680,0.0013599999999999999
,,15,HTML Conversion,615,636,1251,0.002502
,,16,Adding Components,748,1049,1797,0.003594
NexMind,SEO Company in Malaysia,0,Initial,0,0,0,0
,,1,Industry Identification,77,2,79,0.000158
,,2,Target Search,80,74,154,0.000308
,,3,Keyword Clusters Search,81,43,124,0.000248
,,4,Title Generation,74,15,89,0.000178
,,5,Title Generation,75,14,89,0.000178
,,6,Title Generation,74,16,90,0.00017999999999999998
,,7,Title Generation,77,15,92,0.000184
,,8,Title Generation,75,14,89,0.000178
,,9,Outline Generation,103,55,158,0.000316
,,10,Outline Generation,104,134,238,0.00047599999999999997
,,11,Outline Generation,102,144,246,0.0004919999999999999
,,12,Outline Generation,102,141,243,0.000486
,,13,Outline Generation,103,150,253,0.0005059999999999999
,,14,Content Generation,178,746,924,0.0018479999999999998
,,15,HTML Conversion,861,806,1667,0.0033339999999999997
,,16,Adding Components,918,1252,2170,0.00434
,,17,Adding navbar,1324,1262,2586,0.0051719999999999995
,,18,Changing font,121,235,356,0.000712
,,19,Adding animation,338,278,616,0.001232
,,20,Changing alignment,355,112,467,0.0009339999999999999
,,,Complete,0,0,0,0
NexMind,Sofa Manufacturing Company,0,Initial,0,0,0,0
,,1,Industry Identification,76,5,81,0.00016199999999999998
,,2,Target Search,79,60,139,0.000278
,,3,Keyword Clusters Search,80,36,116,0.000232
,,4,Title Generation,73,14,87,0.000174
,,5,Title Generation,73,21,94,0.000188
,,6,Title Generation,75,14,89,0.000178
,,7,Title Generation,73,18,91,0.00018199999999999998
,,8,Title Generation,76,18,94,0.000188
,,9,Outline Generation,106,71,177,0.000354
,,10,Outline Generation,102,156,258,0.000516
,,11,Outline Generation,109,165,274,0.000548
,,12,Outline Generation,106,170,276,0.000552
,,13,Outline Generation,102,193,295,0.0005899999999999999
,,14,Content Generation,182,567,749,0.001498
,,15,HTML Conversion,682,674,1356,0.002712
,,16,Adding Components,803,1762,2565,0.00513
